{
	"itemDisplayName" : "Blockchain - Ethereum Private Consortium Network",
	"description" : "This template fully automates the provisioning of necessary Azure resources like VMs, storage, network settings etc. as well as the configuration of Go Ethereum (geth) and accounts.  It also stands up an administration website to monitor the nodes in the network and provide ether to new accounts.",
	"summary" : "A template to deploy and setup an private Ethereum consortium network.",
	"githubUsername" : "cavanes",
	"dateUpdated" : "2016-09-20"
}